"locus_name","detection_method","selection_metric","metric_value","ref_allele","alt_allele","best_hit_magnoliopsida","variant_effect"
"loc1050_pos159","fst_9sites","fst",0.194872,"G","A","XM_031096703.1 PREDICTED: Quercus lobata thioredoxin 1-like (LOC115975754),","missense"
"loc1367_pos42","fst_9sites","fst",0.194872,"G","A","XM_024033137.2 PREDICTED: Quercus suber transcription factor PIF3 (LOC112000967),","missense"
"loc1381_pos44","fst_pz","fst",0.116813,"A","T","XM_031088314.1 PREDICTED: Quercus lobata glutamate receptor 3.2-like (LOC115968809),","missense"
"loc1607_pos95","fst_9sites","fst",0.188654,"G","T","XM_031096852.1 PREDICTED: Quercus lobata histone acetyltransferase HAC1-like","missense"
"loc174_pos93","fst_9sites","fst",0.276498,"T","A","XM_031094520.1 PREDICTED: Quercus lobata inactive protein kinase SELMODRAFT_444075-like","missense"
"loc956_pos8","fst_ns","fst",0.094195,"A","T","XM_031071953.1 PREDICTED: Quercus lobata protein CNGC15b-like (LOC115954089),","missense"
"loc949_pos99","fst_pz","fst",0.115623,"C","T","XM_050410119.1 PREDICTED: Quercus robur 7-deoxyloganetin glucosyltransferase-like","stop_gain"
"loc1237_pos66","pcadapt","adjusted_p_value",1.57e-06,"T","C","XM_031081661.1 PREDICTED: Quercus lobata lysine-specific demethylase REF6 (LOC115962788),","synonymous"
"loc756_pos43","pcadapt","adjusted_p_value",1.99e-06,"G","A","XR_004093222.1 PREDICTED: Quercus lobata calmodulin-binding transcription activator","synonymous"
"loc865_pos176","fst_9sites","fst",0.191648,"C","G","XM_050389896.1 PREDICTED: Quercus robur ABC transporter A family member 1 (LOC126693772),","synonymous"
"loc975_pos13","fst_pz","fst",0.105271,"G","A","XM_031118375.1 PREDICTED: Quercus lobata probable inactive ATP-dependent zinc metalloprotease FTSHI 4","synonymous"
