SITE_NAME,ID,MUN,NUM_IND,SITE_NUM,POP,NOM_IND,specie,POP_ASIG,ZONE,NUM_SAMPLE
1CZ,CZ_01,YOLOX,70,SITIO1,POP1,CZ_71,Qmacdougallii,POP1,NORTH,1CZ_01
1CZ,CZ_02,YOLOX,71,SITIO1,POP1,CZ_72,Qmacdougallii,POP1,NORTH,1CZ_02
1CZ,CZ_03,YOLOX,72,SITIO1,POP1,CZ_73,Qmacdougallii,POP1,NORTH,1CZ_03
1CZ,CZ_04,YOLOX,73,SITIO1,POP1,CZ_74,Qmacdougallii,POP1,NORTH,1CZ_04
1CZ,CZ_05,YOLOX,74,SITIO1,POP1,CZ_75,Qmacdougallii,POP1,NORTH,1CZ_05
1CZ,CZ_06,YOLOX,75,SITIO1,POP1,CZ_76,Qmacdougallii,POP1,NORTH,1CZ_06
1CZ,CZ_07,YOLOX,76,SITIO1,POP1,CZ_77,Qmacdougallii,POP1,NORTH,1CZ_07
1CZ,CZ_08,YOLOX,77,SITIO1,POP1,CZ_78,Qmacdougallii,POP1,NORTH,1CZ_08
1CZ,CZ_09,YOLOX,78,SITIO1,POP1,CZ_79,Qmacdougallii,POP1,NORTH,1CZ_09
1CZ,CZ_10,YOLOX,79,SITIO1,POP1,CZ_80,Qmacdougallii,POP1,NORTH,1CZ_10
2MT,MT_01,COMALTEPEC,60,SITIO2,POP1,MT_61,Qmacdougallii,POP1,NORTH,2MT_01
2MT,MT_02,COMALTEPEC,61,SITIO2,POP1,MT_62,Qmacdougallii,POP1,NORTH,2MT_02
2MT,MT_03,COMALTEPEC,62,SITIO2,POP1,MT_63,Qmacdougallii,POP1,NORTH,2MT_03
2MT,MT_04,COMALTEPEC,63,SITIO2,POP1,MT_64,Qmacdougallii,POP1,NORTH,2MT_04
2MT,MT_05,COMALTEPEC,64,SITIO2,POP1,MT_65,Qmacdougallii,POP1,NORTH,2MT_05
2MT,MT_06,COMALTEPEC,65,SITIO2,POP1,MT_66,Qmacdougallii,POP1,NORTH,2MT_06
2MT,MT_07,COMALTEPEC,66,SITIO2,POP1,MT_67,Qmacdougallii,POP1,NORTH,2MT_07
2MT,MT_08,COMALTEPEC,67,SITIO2,POP1,MT_68,Qmacdougallii,POP1,NORTH,2MT_08
2MT,MT_09,COMALTEPEC,68,SITIO2,POP1,MT_69,Qmacdougallii,POP1,NORTH,2MT_09
2MT,MT_10,COMALTEPEC,69,SITIO2,POP1,MT_70,Qmacdougallii,POP1,NORTH,2MT_10
3MC,MC_01,COMALTEPEC,30,SITIO3,POP1,MC_31,Qmacdougallii,POP1,NORTH,3MC_01
3MC,MC_02,COMALTEPEC,31,SITIO3,POP1,MC_32,Qmacdougallii,POP1,NORTH,3MC_02
3MC,MC_03,COMALTEPEC,32,SITIO3,POP1,MC_33,Qmacdougallii,POP1,NORTH,3MC_03
3MC,MC_04,COMALTEPEC,33,SITIO3,POP1,MC_34,Qmacdougallii,POP1,NORTH,3MC_04
3MC,MC_05,COMALTEPEC,34,SITIO3,POP1,MC_35,Qmacdougallii,POP1,NORTH,3MC_05
3MC,MC_06,COMALTEPEC,35,SITIO3,POP1,MC_36,Qmacdougallii,POP1,NORTH,3MC_06
3MC,MC_07,COMALTEPEC,36,SITIO3,POP1,MC_37,Qmacdougallii,POP1,NORTH,3MC_07
3MC,MC_08,COMALTEPEC,37,SITIO3,POP1,MC_38,Qmacdougallii,POP1,NORTH,3MC_08
3MC,MC_09,COMALTEPEC,38,SITIO3,POP1,MC_39,Qmacdougallii,POP1,NORTH,3MC_09
3MC,MC_10,COMALTEPEC,39,SITIO3,POP1,MC_40,Qmacdougallii,POP1,NORTH,3MC_10
4MB,MB_01,COMALTEPEC,40,SITIO4,POP1,MB_41,Qmacdougallii,POP1,NORTH,4MB_01
4MB,MB_02,COMALTEPEC,41,SITIO4,POP1,MB_42,Qmacdougallii,POP1,NORTH,4MB_02
4MB,MB_03,COMALTEPEC,42,SITIO4,POP1,MB_43,Qmacdougallii,POP1,NORTH,4MB_03
4MB,MB_04,COMALTEPEC,43,SITIO4,POP1,MB_44,Qmacdougallii,POP1,NORTH,4MB_04
4MB,MB_05,COMALTEPEC,44,SITIO4,POP1,MB_45,Qmacdougallii,POP1,NORTH,4MB_05
4MB,MB_06,COMALTEPEC,45,SITIO4,POP1,MB_46,Qmacdougallii,POP1,NORTH,4MB_06
4MB,MB_07,COMALTEPEC,46,SITIO4,POP1,MB_47,Qmacdougallii,POP1,NORTH,4MB_07
4MB,MB_08,COMALTEPEC,47,SITIO4,POP1,MB_48,Qmacdougallii,POP1,NORTH,4MB_08
4MB,MB_09,COMALTEPEC,48,SITIO4,POP1,MB_49,Qmacdougallii,POP1,NORTH,4MB_09
4MB,MB_10,COMALTEPEC,49,SITIO4,POP1,MB_50,Qmacdougallii,POP1,NORTH,4MB_10
5CY,CY_01,COMALTEPEC,50,SITIO5,POP1,CY_51,Qmacdougallii,POP1,NORTH,5CY_01
5CY,CY_02,COMALTEPEC,51,SITIO5,POP1,CY_52,Qmacdougallii,POP1,NORTH,5CY_02
5CY,CY_03,COMALTEPEC,52,SITIO5,POP1,CY_53,Qmacdougallii,POP1,NORTH,5CY_03
5CY,CY_04,COMALTEPEC,53,SITIO5,POP1,CY_54,Qmacdougallii,POP1,NORTH,5CY_04
5CY,CY_05,COMALTEPEC,54,SITIO5,POP1,CY_55,Qmacdougallii,POP1,NORTH,5CY_05
5CY,CY_06,COMALTEPEC,55,SITIO5,POP1,CY_56,Qmacdougallii,POP1,NORTH,5CY_06
5CY,CY_07,COMALTEPEC,56,SITIO5,POP1,CY_57,Qmacdougallii,POP1,NORTH,5CY_07
5CY,CY_08,COMALTEPEC,57,SITIO5,POP1,CY_58,Qmacdougallii,POP1,NORTH,5CY_08
5CY,CY_09,COMALTEPEC,58,SITIO5,POP1,CY_59,Qmacdougallii,POP1,NORTH,5CY_09
5CY,CY_10,COMALTEPEC,59,SITIO5,POP1,CY_60,Qmacdougallii,POP1,NORTH,5CY_10
6LS,LS_01,IXTLAN,26,SITIO6,POP2,LS_26,Qmacdougallii,POP1,SOUTH,6LS_01
6LS,LS_02,IXTLAN,27,SITIO6,POP2,LS_27,Qmacdougallii,POP1,SOUTH,6LS_02
6LS,LS_03,IXTLAN,28,SITIO6,POP2,LS_28,Qmacdougallii,POP1,SOUTH,6LS_03
6LS,LS_04,IXTLAN,29,SITIO6,POP2,LS_29,Qmacdougallii,POP1,SOUTH,6LS_04
7PZ,PZ_01,IXTLAN,4,SITIO7,POP2,PZ_04,Qmacdougallii,POP2,SOUTH,7PZ_01
7PZ,PZ_02,IXTLAN,5,SITIO7,POP2,PZ_05,Qmacdougallii,POP2,SOUTH,7PZ_02
7PZ,PZ_03,IXTLAN,6,SITIO7,POP2,PZ_06,Qmacdougallii,POP2,SOUTH,7PZ_03
7PZ,PZ_04,IXTLAN,7,SITIO7,POP2,PZ_07,Qmacdougallii,POP2,SOUTH,7PZ_04
7PZ,PZ_05,IXTLAN,8,SITIO7,POP2,PZ_08,Qmacdougallii,POP2,SOUTH,7PZ_05
7PZ,PZ_06,IXTLAN,9,SITIO7,POP2,PZ_09,Qmacdougallii,POP2,SOUTH,7PZ_06
7PZ,PZ_07,IXTLAN,10,SITIO7,POP2,PZ_10,Qmacdougallii,POP2,SOUTH,7PZ_07
7PZ,PZ_08,IXTLAN,11,SITIO7,POP2,PZ_11,Qmacdougallii,POP2,SOUTH,7PZ_08
7PZ,PZ_09,IXTLAN,12,SITIO7,POP2,PZ_12,Qmacdougallii,POP2,SOUTH,7PZ_09
7PZ,PZ_10,IXTLAN,13,SITIO7,POP2,PZ_13,Qmacdougallii,POP2,SOUTH,7PZ_10
7PZ,PZ_11,IXTLAN,14,SITIO7,POP2,PZ_14,Qmacdougallii,POP2,SOUTH,7PZ_11
7PZ,PZ_12,IXTLAN,15,SITIO7,POP2,PZ_15,Qmacdougallii,POP2,SOUTH,7PZ_12
8CR,CR_01,IXTLAN,16,SITIO8,POP2,CR_16,Qmacdougallii,POP2,SOUTH,8CR_01
8CR,CR_02,IXTLAN,17,SITIO8,POP2,CR_17,Qmacdougallii,POP2,SOUTH,8CR_02
8CR,CR_03,IXTLAN,18,SITIO8,POP2,CR_18,Qmacdougallii,POP2,SOUTH,8CR_03
8CR,CR_04,IXTLAN,19,SITIO8,POP2,CR_19,Qmacdougallii,POP2,SOUTH,8CR_04
8CR,CR_05,IXTLAN,20,SITIO8,POP2,CR_20,Qmacdougallii,POP2,SOUTH,8CR_05
8CR,CR_06,IXTLAN,21,SITIO8,POP2,CR_21,Qmacdougallii,POP2,SOUTH,8CR_06
8CR,CR_07,IXTLAN,22,SITIO8,POP2,CR_22,Qmacdougallii,POP2,SOUTH,8CR_07
8CR,CR_08,IXTLAN,23,SITIO8,POP2,CR_23,Qmacdougallii,POP2,SOUTH,8CR_08
8CR,CR_09,IXTLAN,24,SITIO8,POP2,CR_24,Qmacdougallii,POP2,SOUTH,8CR_09
8CR,CR_10,IXTLAN,25,SITIO8,POP2,CR_25,Qmacdougallii,POP2,SOUTH,8CR_10
9IT,IT_01,IXTLAN,1,SITIO9,POP2,PZ_01,Qmacdougallii,POP1,SOUTH,9IT_01
9IT,IT_02,IXTLAN,2,SITIO9,POP2,PZ_02,Qmacdougallii,POP1,SOUTH,9IT_02
9IT,IT_03,IXTLAN,3,SITIO9,POP2,PZ_03,Qmacdougallii,POP1,SOUTH,9IT_03