"SNPs","FST_PZ","FST_NS","FST_9Sites"
"loc1548_pos36",0.195438047865049,0.267194694491751,0.300002050077294
"loc1479_pos25",0.134712398407007,0.153952498204576,0.202943371013345
"loc1479_pos27",0.180560614460092,0.197845021210572,0.259527344213887
"loc1237_pos66",0.207189168510186,0.142407300302037,0.236399858306287
"loc891_pos102",0.150164806266885,0.158382066276803,0.178103773927572
"loc909_pos119",0.148731372594489,0.08767577554642,0.25395018854546
"loc1192_pos113",0.205001336615033,0.150280589773483,0.201169378539971
"loc1192_pos123",0.205001336615033,0.150280589773483,0.201169378539971
"loc126_pos84",0.188724263023225,0.159731644806271,0.226278504502658
"loc127_pos199",0.224574993424188,0.196470048074326,0.256728851307529
"loc279_pos18",0.101954869851586,0.0967252387966231,0.316262216049153
